{
    "name": "root",
    "gauges": {
        "jumper.Policy.Entropy.mean": {
            "value": 2.341941126360325e-06,
            "min": 2.341941126360325e-06,
            "max": 0.6930914521217346,
            "count": 32
        },
        "jumper.Policy.Entropy.sum": {
            "value": 0.004646411165595055,
            "min": 0.004646411165595055,
            "max": 1408.36181640625,
            "count": 32
        },
        "jumper.Environment.EpisodeLength.mean": {
            "value": 1699.5,
            "min": 84.56521739130434,
            "max": 1699.5,
            "count": 26
        },
        "jumper.Environment.EpisodeLength.sum": {
            "value": 3399.0,
            "min": 763.0,
            "max": 3529.0,
            "count": 26
        },
        "jumper.Step.mean": {
            "value": 63949.0,
            "min": 1968.0,
            "max": 63949.0,
            "count": 32
        },
        "jumper.Step.sum": {
            "value": 63949.0,
            "min": 1968.0,
            "max": 63949.0,
            "count": 32
        },
        "jumper.Policy.ExtrinsicValueEstimate.mean": {
            "value": -0.003698919666931033,
            "min": -0.1475733369588852,
            "max": 0.1454697996377945,
            "count": 32
        },
        "jumper.Policy.ExtrinsicValueEstimate.sum": {
            "value": -0.11466650664806366,
            "min": -6.050506591796875,
            "max": 5.81879186630249,
            "count": 32
        },
        "jumper.Environment.CumulativeReward.mean": {
            "value": 4.549999974668026,
            "min": -1.300000024959445,
            "max": 4.549999974668026,
            "count": 26
        },
        "jumper.Environment.CumulativeReward.sum": {
            "value": 9.099999949336052,
            "min": -26.10000018775463,
            "max": 9.099999949336052,
            "count": 26
        },
        "jumper.Policy.ExtrinsicReward.mean": {
            "value": 4.549999974668026,
            "min": -1.300000024959445,
            "max": 4.549999974668026,
            "count": 26
        },
        "jumper.Policy.ExtrinsicReward.sum": {
            "value": 9.099999949336052,
            "min": -26.10000018775463,
            "max": 9.099999949336052,
            "count": 26
        },
        "jumper.IsTraining.mean": {
            "value": 1.0,
            "min": 1.0,
            "max": 1.0,
            "count": 32
        },
        "jumper.IsTraining.sum": {
            "value": 1.0,
            "min": 1.0,
            "max": 1.0,
            "count": 32
        },
        "jumper.Losses.PolicyLoss.mean": {
            "value": 0.06246648086234927,
            "min": 0.06246648086234927,
            "max": 0.08101930022239685,
            "count": 30
        },
        "jumper.Losses.PolicyLoss.sum": {
            "value": 0.06246648086234927,
            "min": 0.06246648086234927,
            "max": 0.08101930022239685,
            "count": 30
        },
        "jumper.Losses.ValueLoss.mean": {
            "value": 1.177239237648564e-06,
            "min": 1.177239237648564e-06,
            "max": 0.014473256387282163,
            "count": 30
        },
        "jumper.Losses.ValueLoss.sum": {
            "value": 1.177239237648564e-06,
            "min": 1.177239237648564e-06,
            "max": 0.014473256387282163,
            "count": 30
        },
        "jumper.Policy.LearningRate.mean": {
            "value": 0.00025304626565124996,
            "min": 0.00025304626565124996,
            "max": 0.00029842800052399995,
            "count": 30
        },
        "jumper.Policy.LearningRate.sum": {
            "value": 0.00025304626565124996,
            "min": 0.00025304626565124996,
            "max": 0.00029842800052399995,
            "count": 30
        },
        "jumper.Policy.Epsilon.mean": {
            "value": 0.18434875000000003,
            "min": 0.18434875000000003,
            "max": 0.19947600000000001,
            "count": 30
        },
        "jumper.Policy.Epsilon.sum": {
            "value": 0.18434875000000003,
            "min": 0.18434875000000003,
            "max": 0.19947600000000001,
            "count": 30
        },
        "jumper.Policy.Beta.mean": {
            "value": 0.004999999999999999,
            "min": 0.004999999999999999,
            "max": 0.004999999999999999,
            "count": 30
        },
        "jumper.Policy.Beta.sum": {
            "value": 0.004999999999999999,
            "min": 0.004999999999999999,
            "max": 0.004999999999999999,
            "count": 30
        }
    },
    "metadata": {
        "timer_format_version": "0.1.0",
        "start_time_seconds": "1714147100",
        "python_version": "3.9.19 (main, Mar 21 2024, 17:21:27) [MSC v.1916 64 bit (AMD64)]",
        "command_line_arguments": "C:\\Users\\thibe\\anaconda3\\envs\\VR_Experience\\Scripts\\mlagents-learn config/jumper.yaml --run-id=jumper",
        "mlagents_version": "0.30.0",
        "mlagents_envs_version": "0.30.0",
        "communication_protocol_version": "1.5.0",
        "pytorch_version": "1.7.1+cu110",
        "numpy_version": "1.21.2",
        "end_time_seconds": "1714147740"
    },
    "total": 640.6470285,
    "count": 1,
    "self": 0.0073945999999978085,
    "children": {
        "run_training.setup": {
            "total": 0.11439639999999995,
            "count": 1,
            "self": 0.11439639999999995
        },
        "TrainerController.start_learning": {
            "total": 640.5252375,
            "count": 1,
            "self": 1.1640439000082097,
            "children": {
                "TrainerController._reset_env": {
                    "total": 11.4117024,
                    "count": 1,
                    "self": 11.4117024
                },
                "TrainerController.advance": {
                    "total": 627.8395600999918,
                    "count": 65207,
                    "self": 1.012881999989304,
                    "children": {
                        "env_step": {
                            "total": 572.2734918000009,
                            "count": 65207,
                            "self": 350.27034829999945,
                            "children": {
                                "SubprocessEnvManager._take_step": {
                                    "total": 221.19818090001465,
                                    "count": 65207,
                                    "self": 4.586923300015826,
                                    "children": {
                                        "TorchPolicy.evaluate": {
                                            "total": 216.61125759999882,
                                            "count": 65001,
                                            "self": 216.61125759999882
                                        }
                                    }
                                },
                                "workers": {
                                    "total": 0.8049625999868102,
                                    "count": 65206,
                                    "self": 0.0,
                                    "children": {
                                        "worker_root": {
                                            "total": 628.9224986000088,
                                            "count": 65206,
                                            "is_parallel": true,
                                            "self": 338.5095087999913,
                                            "children": {
                                                "steps_from_proto": {
                                                    "total": 0.0003364000000001255,
                                                    "count": 1,
                                                    "is_parallel": true,
                                                    "self": 0.00015479999999890026,